<?xml version="1.0" encoding="UTF-8"?>
<beans xmlns="http://www.springframework.org/schema/beans"
	xmlns:context="http://www.springframework.org/schema/context" xmlns:p="http://www.springframework.org/schema/p"
	xmlns:aop="http://www.springframework.org/schema/aop" xmlns:mybatis="http://mybatis.org/schema/mybatis-spring"
	xmlns:tx="http://www.springframework.org/schema/tx" xmlns:xsi="http://www.w3.org/2001/XMLSchema-instance"
	xsi:schemaLocation="
		http://www.springframework.org/schema/beans 
		http://www.springframework.org/schema/beans/spring-beans-4.2.xsd
		http://www.springframework.org/schema/context 
		http://www.springframework.org/schema/context/spring-context-4.2.xsd
		http://www.springframework.org/schema/aop 
		http://www.springframework.org/schema/aop/spring-aop-4.2.xsd
		http://mybatis.org/schema/mybatis-spring 
	 	http://mybatis.org/schema/mybatis-spring-1.2.xsd
		http://www.springframework.org/schema/tx 
		http://www.springframework.org/schema/tx/spring-tx-4.2.xsd
		http://www.springframework.org/schema/util 
		http://www.springframework.org/schema/util/spring-util-4.2.xsd
	">
	<context:property-placeholder location="classpath:database/db.properties" />
	<!--MySQL数据源配置 -->
	<bean id="datasource" class="com.mchange.v2.c3p0.ComboPooledDataSource"
		destroy-method="close">
		<property name="driverClass" value="${mysqldb.driver}"></property>
		<property name="jdbcUrl" value="${mysqldb.url}"></property>
		<property name="user" value="${mysqldb.user}"></property>
		<property name="password" value="${mysqldb.password}"></property>
		<property name="minPoolSize" value="0"></property>
		<property name="maxPoolSize" value="10"></property>
		<property name="maxIdleTime" value="600"></property>
		<property name="acquireIncrement" value="3"></property>
		<property name="acquireRetryAttempts" value="3"></property>
		<property name="checkoutTimeout" value="30000"></property>
		<property name="idleConnectionTestPeriod" value="120"></property>
		<property name="numHelperThreads" value="10"></property>
	</bean>
	<!-- 配置数据源管理器 -->
	<bean id="userTransactionManager"
		class="org.springframework.jdbc.datasource.DataSourceTransactionManager">
		<property name="dataSource" ref="datasource" />
	</bean>
	<tx:annotation-driven transaction-manager="userTransactionManager" />
	<bean id="userTemplate" class="org.springframework.jdbc.core.JdbcTemplate">
		<property name="dataSource" ref="datasource" />
	</bean>
	<bean id="sessionFactory" class="org.mybatis.spring.SqlSessionFactoryBean"
		p:dataSource-ref="datasource">
		<property name="configLocation" value="classpath:database/mybatis.xml"></property>
	</bean>
	<mybatis:scan base-package="scs.dao" />
	<context:component-scan base-package="scs.service" />
	
	<!-- 数据库配置-前期关闭 -->
	
	
</beans>